Level,Name,Rating,Tags,Url
Entity 1,The Humans,+40,"['_licensebox', 'annual-feature', 'entity', 'featured', 'rewritten', 'sapient']",http://backrooms-wiki.wikidot.com/Entity 1
Entity 2,The Windows,+87,"['_cc', '_licensebox', 'entity', 'horror', 'hostile', 'object-like']",http://backrooms-wiki.wikidot.com/Entity 2
Entity 3,Smiler,+222,"['_cc', '_licensebox', 'entity', 'horror', 'hostile', 'rewritten']",http://backrooms-wiki.wikidot.com/Entity 3
Entity 4,Deathmoths,+88,"['_cc', '_licensebox', 'animalistic', 'entity', 'horror', 'wonder']",http://backrooms-wiki.wikidot.com/Entity 4
Entity 5,Clump,+126,"['_cc', '_licensebox', 'entity', 'format-screw', 'masked-maidens', 'overseer-andrew', 'the-lost']",http://backrooms-wiki.wikidot.com/Entity 5
Entity 6,Dullers,+36,"['_licensebox', 'entity', 'horror', 'hostile', 'humanoid', 'rewritten', 'wonder']",http://backrooms-wiki.wikidot.com/Entity 6
Entity 7,Jerry,+160,"['_cc', '_licensebox', 'action', 'animalistic', 'entity', 'foj', 'mystery', 'rewritten', 'thriller', 'wonder']",http://backrooms-wiki.wikidot.com/Entity 7
Entity 8,Hound,+186,"['_licensebox', '_non-cc', 'animalistic', 'entity', 'horror', 'hostile', 'humanoid', 'mystery', 'rewritten', 'thriller']",http://backrooms-wiki.wikidot.com/Entity 8
Entity 9,Facelings,+36,"['_cc', '_licensebox', 'entity', 'humanoid', 'multiverse-canon', 'rewritten', 'sapient']",http://backrooms-wiki.wikidot.com/Entity 9
Entity 10,Skin-Stealer,+164,"['_cc', '_licensebox', 'entity', 'horror', 'hostile', 'humanoid', 'rewritten']",http://backrooms-wiki.wikidot.com/Entity 10
Entity 11,Bursters,+20,"['_licensebox', 'entity', 'horror', 'neutral']",http://backrooms-wiki.wikidot.com/Entity 11
Entity 12,Dunks,+59,"['_cc', '_licensebox', 'animalistic', 'entity', 'friendly']",http://backrooms-wiki.wikidot.com/Entity 12
Entity 13,Transporters,+45,"['_cc', '_licensebox', 'entity', 'friendly', 'humanoid', 'sapient']",http://backrooms-wiki.wikidot.com/Entity 13
Entity 14,Reviooks,+27,"['_cc', '_licensebox', 'entity', 'horror', 'rewritten']",http://backrooms-wiki.wikidot.com/Entity 14
Entity 15,Wretches,+97,"['_cc', '_licensebox', 'co-authored', 'entity', 'horror', 'hostile', 'humanoid', 'mystery', 'thriller', 'traders-keep']",http://backrooms-wiki.wikidot.com/Entity 15
Entity 16,Nguithr'xurhs,+45,"['_cc', '_licensebox', 'entity', 'horror', 'mystery', 'rewritten']",http://backrooms-wiki.wikidot.com/Entity 16
Entity 17,Crawlers,+67,"['_cc', '_licensebox', 'entity', 'horror', 'pathogenic', 'rewritten']",http://backrooms-wiki.wikidot.com/Entity 17
Entity 18,The Beast Gentleman of Level 5,+168,"['_cc', '_licensebox', 'entity', 'entity-18', 'featured', 'horror', 'mystery', 'sapient', 'terror-hotel-canon']",http://backrooms-wiki.wikidot.com/Entity 18
Entity 19,The Disease,+35,"['_cc', '_licensebox', '_metatag', 'entity', 'featured', 'm.e.g.', 'neutral', 'pathogenic', 'rewritten']",http://backrooms-wiki.wikidot.com/Entity 19
Entity 20,Scits,+29,"['_cc', '_licensebox', 'animalistic', 'entity']",http://backrooms-wiki.wikidot.com/Entity 20
Entity 21,Hook Head,+34,"['comedy', 'entity', 'spookycon2021']",http://backrooms-wiki.wikidot.com/Entity 21
Entity 22,Warning Kites,+62,"['_cc', '_licensebox', 'entity', 'object-like', 'wholesome', 'wonder']",http://backrooms-wiki.wikidot.com/Entity 22
Entity 23,Unapproachable Horse,+54,"['_cc', '_licensebox', 'animalistic', 'comedy', 'contest-winner', 'entity', 'featured', 'scrapcon2022', 'tragedy']",http://backrooms-wiki.wikidot.com/Entity 23
Entity 24,Death Rats,+22,"['animalistic', 'entity', 'horror', 'wonder']",http://backrooms-wiki.wikidot.com/Entity 24
Entity 25,Plague Goblins,+36,"['_cc', 'animalistic', 'entity']",http://backrooms-wiki.wikidot.com/Entity 25
Entity 26,Samantha,+82,"['_cc', 'animalistic', 'entity', 'friendly', 'wholesome', 'wonder']",http://backrooms-wiki.wikidot.com/Entity 26
Entity 27,Athenian Ducks,+88,"['_cc', 'animalistic', 'comedy', 'entity', 'featured', 'horror', 'mystery']",http://backrooms-wiki.wikidot.com/Entity 27
Entity 28,The Spokeslady,+35,"['canonicon2024', 'entity', 'entity-18', 'featured', 'mystery', 'terror-hotel-canon', 'thriller']",http://backrooms-wiki.wikidot.com/Entity 28
Entity 29,‚ÄúBlub Cats‚Äù,+66,"['_cc', '_licensebox', 'animalistic', 'entity', 'wholesome']",http://backrooms-wiki.wikidot.com/Entity 29
Entity 30,Mother,+20,"['deceptive', 'entity', 'hostile', 'incorporeal', 'rewritten']",http://backrooms-wiki.wikidot.com/Entity 30
Entity 31,Camo Crawlers,+22,"['entity', 'horror', 'hostile', 'mystery']",http://backrooms-wiki.wikidot.com/Entity 31
Entity 32,Animations,+41,"['entity', 'horror', 'hostile', 'mystery', 'rewritten']",http://backrooms-wiki.wikidot.com/Entity 32
Entity 33,THE KING,+66,"['entity', 'horror', 'mystery']",http://backrooms-wiki.wikidot.com/Entity 33
Entity 34,Dollface,+28,"['_cc', 'entity', 'horror', 'hostile', 'mystery', 'object-like', 'rewritten']",http://backrooms-wiki.wikidot.com/Entity 34
Entity 35,Light Guides,+52,"['_cc', '_licensebox', 'entity', 'friendly', 'incorporeal', 'mystery', 'nostalgia', 'wholesome', 'wonder']",http://backrooms-wiki.wikidot.com/Entity 35
Entity 36,Cannibal Cuisines,+35,"['_cc', '_licensebox', 'entity', 'object-like']",http://backrooms-wiki.wikidot.com/Entity 36
Entity 37,Curabitur Bird,+37,"['_non-cc', 'entity', 'wholesome', 'wonder']",http://backrooms-wiki.wikidot.com/Entity 37
Entity 38,Humanoids,+17,"['entity', 'mystery']",http://backrooms-wiki.wikidot.com/Entity 38
Entity 39,Organiguns,+30,"['botanical', 'co-authored', 'entity']",http://backrooms-wiki.wikidot.com/Entity 39
Entity 40,Reverse Defecation Bird,+47,"['_cc', '_licensebox', 'entity', 'simulation-canon']",http://backrooms-wiki.wikidot.com/Entity 40
Entity 41,The Artist,+27,"['comedy', 'entity', 'wholesome', 'wonder']",http://backrooms-wiki.wikidot.com/Entity 41
Entity 42,The Memory Wyrm,+31,"['entity', 'rewritten']",http://backrooms-wiki.wikidot.com/Entity 42
Entity 43,Dracoliths,+11,['entity'],http://backrooms-wiki.wikidot.com/Entity 43
Entity 44,Gossip Beacons,+27,"['_cc', '_licensebox', 'bittersweet', 'entity', 'hostile', 'mystery', 'object-like', 'sapient', 'wonder']",http://backrooms-wiki.wikidot.com/Entity 44
Entity 45,Chupavidas,+40,"['_cc', '_licensebox', 'entity']",http://backrooms-wiki.wikidot.com/Entity 45
Entity 46,Lucky Cranes,+25,"['_licensebox', 'entity']",http://backrooms-wiki.wikidot.com/Entity 46
Entity 47,[NO DATA],,,
Entity 48,Aiden,+33,"['entity', 'rewritten', 'wholesome', 'wonder']",http://backrooms-wiki.wikidot.com/Entity 48
Entity 49,Combine,+14,"['entity', 'horror', 'mystery', 'wonder']",http://backrooms-wiki.wikidot.com/Entity 49
Entity 50,The Numbed Man,+72,"['contest-winner', 'decepticon2020', 'entity', 'featured', 'format-screw', 'horror', 'thriller']",http://backrooms-wiki.wikidot.com/Entity 50
Entity 51,‚ÄúThe Heralds of Rust‚Äù,+18,"['_licensebox', 'co-authored', 'entity', 'icarus-procidens', 'nostalgi-gaius', 'the-pantheon', 'the-red-knight']",http://backrooms-wiki.wikidot.com/Entity 51
Entity 52,Null-06,+68,"['_cc', 'entity', 'level-78', 'unique']",http://backrooms-wiki.wikidot.com/Entity 52
Entity 53,The Crawlspace Creature,+41,"['entity', 'format-screw', 'horror', 'mystery']",http://backrooms-wiki.wikidot.com/Entity 53
Entity 54,Grawlix,+28,"['_cc', '_licensebox', 'entity', 'level-11', 'wholesome']",http://backrooms-wiki.wikidot.com/Entity 54
Entity 55,Acathasia,+25,"['_licensebox', 'entity']",http://backrooms-wiki.wikidot.com/Entity 55
Entity 56,Entity 56 does not exist.,+277,"['entity', 'horror', 'mincon2021', 'mystery']",http://backrooms-wiki.wikidot.com/Entity 56
Entity 57,Leech Adders,+24,"['_licensebox', 'animalistic', 'classicon2023', 'comedy', 'entity', 'neutral']",http://backrooms-wiki.wikidot.com/Entity 57
Entity 58,Adym,+9,"['bittersweet', 'entity', 'spookycon2021']",http://backrooms-wiki.wikidot.com/Entity 58
Entity 59,Philia,+18,"['_licensebox', 'philia', 'the-pantheon']",http://backrooms-wiki.wikidot.com/Entity 59
Entity 60,Scramby,+21,"['_cc', '_licensebox', 'animalistic', 'classicon2023', 'entity', 'neutral']",http://backrooms-wiki.wikidot.com/Entity 60
Entity 61,Coconut Snares,+28,"['_cc', 'entity', 'the-lost', 'wonder']",http://backrooms-wiki.wikidot.com/Entity 61
Entity 62,Clinker Toys,+26,"['_cc', 'entity', 'horror', 'mystery', 'thriller']",http://backrooms-wiki.wikidot.com/Entity 62
Entity 63,The Mangled,+54,"['_cc', 'entity', 'featured', 'horror', 'mystery', 'thriller']",http://backrooms-wiki.wikidot.com/Entity 63
Entity 64,The Puzzle Maker,+28,"['_licensebox', 'co-authored', 'entity', 'in-rewrite', 'the-pantheon', 'unique', 'wholesome']",http://backrooms-wiki.wikidot.com/Entity 64
Entity 65,Moley's Comedy Club & Bar,+40,"['_cc', 'entity', 'featured']",http://backrooms-wiki.wikidot.com/Entity 65
Entity 66,Shocker Ghoul,+15,"['_non-cc', 'entity', 'horror', 'thriller']",http://backrooms-wiki.wikidot.com/Entity 66
Entity 67,Partygoers =),+105,"['_licensebox', 'co-authored', 'entity', 'horror', 'hostile', 'humanoid', 'm.e.g.', 'multiverse-canon', 'partygoers', 'rewritten', 'sapient', 'tragedy']",http://backrooms-wiki.wikidot.com/Entity 67
Entity 68,Frowning Husks Partypoopers =),+22,"['entity', 'multiverse-canon', 'rewritten']",http://backrooms-wiki.wikidot.com/Entity 68
Entity 69,The Red Colony,+12,"['_cc', 'entity', 'featured', 'wonder']",http://backrooms-wiki.wikidot.com/Entity 69
Entity 70,Parasitic Paint,+15,"['_licensebox', 'entity', 'horror', 'mystery']",http://backrooms-wiki.wikidot.com/Entity 70
Entity 71,The Red Knight,+146,"['_cc', '_licensebox', 'action', 'entity', 'featured', 'horror', 'mystery', 'nostalgi-gaius', 'the-red-knight', 'thriller', 'unique', 'wonder']",http://backrooms-wiki.wikidot.com/Entity 71
Entity 72,"Man, Machine, My Dearest Creation",+65,"['_cc', '_licensebox', 'enigmatic-entity', 'entity', 'horror', 'm.e.g.', 'mystery', 'tragedy', 'unique']",http://backrooms-wiki.wikidot.com/Entity 72
Entity 73,"""Abyssal Ooze/Kirai‚Äù",+73,"['_cc', 'entity', 'featured']",http://backrooms-wiki.wikidot.com/Entity 73
Entity 74,Argos,+55,"['_non-cc', 'entity', 'eyes-of-argos', 'horror', 'mystery', 'wonder']",http://backrooms-wiki.wikidot.com/Entity 74
Entity 75,Wranglers,+56,"['_non-cc', 'entity', 'horror', 'mystery']",http://backrooms-wiki.wikidot.com/Entity 75
Entity 76,What the hell is this?,+56,"['_cc', 'co-authored', 'comedy', 'entity', 'overseer-stretch']",http://backrooms-wiki.wikidot.com/Entity 76
Entity 77,The Dreamweaver,+9,"['_cc', 'entity', 'horror', 'mystery']",http://backrooms-wiki.wikidot.com/Entity 77
Entity 78,Chrono-Wisps,+22,"['_cc', '_licensebox', '_metatag', 'entity', 'featured', 'incorporeal', 'neutral']",http://backrooms-wiki.wikidot.com/Entity 78
Entity 79,[NO DATA],,,
Entity 80,Hen,+22,"['_non-cc', 'co-authored', 'entity', 'thriller', 'wonder']",http://backrooms-wiki.wikidot.com/Entity 80
Entity 81,Elevators,+34,"['_cc', '_licensebox', 'entity', 'rewritten']",http://backrooms-wiki.wikidot.com/Entity 81
Entity 82,Koko,+35,"['_cc', '_licensebox', 'backrooms-robotics', 'entity', 'featured', 'industrialization-canon', 'mystery', 'thriller']",http://backrooms-wiki.wikidot.com/Entity 82
Entity 83,The Hermit,+39,"['_cc', '_licensebox', 'entity', 'mystery', 'thriller']",http://backrooms-wiki.wikidot.com/Entity 83
Entity 84,King Rasputin Bartholemew III,+59,"['_non-cc', 'entity', 'wholesome']",http://backrooms-wiki.wikidot.com/Entity 84
Entity 85,Paralies,+15,"['_cc', '_licensebox', 'entity', 'horror']",http://backrooms-wiki.wikidot.com/Entity 85
Entity 86,Jess,+10,"['_licensebox', 'comedy', 'entity', 'wholesome']",http://backrooms-wiki.wikidot.com/Entity 86
Entity 87,Untitled Project,+15,"['_licensebox', 'entity', 'format-screw', 'tragedy']",http://backrooms-wiki.wikidot.com/Entity 87
Entity 88,Hiveminds,+22,"['botanical', 'entity', 'wonder']",http://backrooms-wiki.wikidot.com/Entity 88
Entity 89,Ants,+38,"['_cc', 'entity', 'mystery']",http://backrooms-wiki.wikidot.com/Entity 89
Entity 90,The Steel,+24,"['_cc', '_licensebox', 'entity', 'm.e.g.', 'the-lost']",http://backrooms-wiki.wikidot.com/Entity 90
Entity 91,Mr. Freeman,+61,"['_cc', '_licensebox', 'entity', 'mystery']",http://backrooms-wiki.wikidot.com/Entity 91
Entity 92,Ferren,+40,"['_cc', '_licensebox', 'b.n.t.g.', 'entity', 'unique']",http://backrooms-wiki.wikidot.com/Entity 92
Entity 93,Night Stalker Night Stocker,+29,"['_licensebox', 'entity', 'mystery', 'overseer-stretch']",http://backrooms-wiki.wikidot.com/Entity 93
Entity 94,Clickers,+46,"['_cc', '_licensebox', 'entity', 'mystery', 'wonder']",http://backrooms-wiki.wikidot.com/Entity 94
Entity 95,Reality Bugs,+41,"['_cc', '_licensebox', 'blanche', 'entity', 'wonder']",http://backrooms-wiki.wikidot.com/Entity 95
Entity 96,The Neighborhood Watch,+26,"['_cc', 'entity', 'level-9', 'rewritten']",http://backrooms-wiki.wikidot.com/Entity 96
Entity 97,Scream Eaters,+31,"['_non-cc', 'entity', 'horror', 'mystery']",http://backrooms-wiki.wikidot.com/Entity 97
Entity 98,[NO DATA],,,
Entity 99,The Game Master,+61,"['_cc', '_licensebox', 'co-authored', 'entity', 'mystery', 'rewritten', 'the-game-master', 'the-pantheon']",http://backrooms-wiki.wikidot.com/Entity 99
Entity 100,You know who I am.,+59,"['_licensebox', 'entity', 'horror', 'mystery', 'overseer-andrew', 'overseer-kat', 'overseer-stretch']",http://backrooms-wiki.wikidot.com/Entity 100
Entity 101,The Squires,+37,"['entity', 'the-red-knight', 'wholesome']",http://backrooms-wiki.wikidot.com/Entity 101
Entity 102,The Headless Hunter,+17,['entity'],http://backrooms-wiki.wikidot.com/Entity 102
Entity 103,The Keymaster,+90,"['_cc', '_licensebox', 'entity', 'the-keymaster', 'the-pantheon', 'unique']",http://backrooms-wiki.wikidot.com/Entity 103
Entity 104,Photoshop,+15,"['_non-cc', 'entity', 'horror', 'mystery']",http://backrooms-wiki.wikidot.com/Entity 104
Entity 105,Shades,+16,"['_cc', '_licensebox', 'entity', 'mystery']",http://backrooms-wiki.wikidot.com/Entity 105
Entity 106,tgochi.exe,+75,"['_cc', 'entity', 'featured', 'mystery']",http://backrooms-wiki.wikidot.com/Entity 106
Entity 107,Oxids,+15,"['_cc', '_licensebox', 'entity', 'horror', 'mystery', 'wonder']",http://backrooms-wiki.wikidot.com/Entity 107
Entity 108,The Birds,+30,"['_cc', 'entity', 'horror']",http://backrooms-wiki.wikidot.com/Entity 108
Entity 109,Festa!!,+19,"['co-authored', 'entity']",http://backrooms-wiki.wikidot.com/Entity 109
Entity 110,Carnivorous Balloons,+41,"['_cc', 'entity', 'horror', 'object-like']",http://backrooms-wiki.wikidot.com/Entity 110
Entity 111,The Housekeeper,+40,"['_cc', 'entity', 'featured', 'horror', 'humanoid', 'terror-hotel-canon']",http://backrooms-wiki.wikidot.com/Entity 111
Entity 112,Wraiths,+24,"['_cc', '_licensebox', 'entity', 'eyes-of-argos', 'horror', 'mystery']",http://backrooms-wiki.wikidot.com/Entity 112
Entity 113,The Herberts,+29,"['_cc', 'comedy', 'entity', 'mincon2021']",http://backrooms-wiki.wikidot.com/Entity 113
Entity 114,Lotka,+15,"['_cc', 'entity', 'mystery', 'tragedy']",http://backrooms-wiki.wikidot.com/Entity 114
Entity 115,The Artikeli/Created Ones,+11,"['_licensebox', 'entity']",http://backrooms-wiki.wikidot.com/Entity 115
Entity 116,Dentists,+25,"['_cc', 'entity', 'horror', 'hostile', 'humanoid']",http://backrooms-wiki.wikidot.com/Entity 116
Entity 117,[NO DATA],,,
Entity 118,NO DATA‚Ä¶?,+42,"['_cc', 'botanical', 'contest-winner', 'entity', 'featured', 'format-screw', 'mystery', 'spookycon2021']",http://backrooms-wiki.wikidot.com/Entity 118
Entity 119,Volpes,+24,"['_cc', '_licensebox', 'entity', 'wonder']",http://backrooms-wiki.wikidot.com/Entity 119
Entity 120,The Officinarum,+28,"['_cc', '_licensebox', 'entity', 'horror', 'industrialization-canon', 'mystery', 'thriller']",http://backrooms-wiki.wikidot.com/Entity 120
Entity 121,The Bone Thieves,+41,"['_cc', 'entity', 'horror', 'hostile']",http://backrooms-wiki.wikidot.com/Entity 121
Entity 122,[NO DATA],,,
Entity 123,Your Name Here,+47,"['_cc', '_licensebox', 'entity', 'horror', 'hostile', 'm.e.g.', 'multiverse-canon', 'sapient']",http://backrooms-wiki.wikidot.com/Entity 123
Entity 124,The Memory Manager,+9,"['_cc', '_licensebox', 'entity', 'incorporeal', 'level-9', 'm.e.g.', 'simulation-canon']",http://backrooms-wiki.wikidot.com/Entity 124
Entity 125,[NO DATA],,,
Entity 126,The Scarecrows,+34,"['_cc', 'contest-winner', 'entity', 'goicon2021', 'masked-maidens', 'unmasked-canon']",http://backrooms-wiki.wikidot.com/Entity 126
Entity 127,[NO DATA],,,
Entity 128,Œ©MEGA,+62,"['_cc', '_licensebox', 'entity', 'format-screw', 'hostile', 'incorporeal', 'mystery', 'sapient', 'thriller']",http://backrooms-wiki.wikidot.com/Entity 128
Entity 129,Œ≤ETA,+46,"['_cc', '_licensebox', 'entity', 'format-screw', 'friendly', 'incorporeal', 'sapient', 'wholesome']",http://backrooms-wiki.wikidot.com/Entity 129
Entity 130,Growlers,+21,"['_non-cc', 'entity', 'horror', 'wonder']",http://backrooms-wiki.wikidot.com/Entity 130
Entity 131,The Concierge,+33,"['entity', 'featured', 'format-screw', 'horror', 'terror-hotel-canon']",http://backrooms-wiki.wikidot.com/Entity 131
Entity 132,TV Heads,+25,"['_non-cc', 'backrooms-remodeling-co', 'entity', 'mystery']",http://backrooms-wiki.wikidot.com/Entity 132
Entity 133,The Mail Carrier,+26,"['_cc', '_licensebox', 'blanche', 'entity']",http://backrooms-wiki.wikidot.com/Entity 133
Entity 134,Phobic Centipedes,+20,"['_cc', 'animalistic', 'entity', 'horror', 'hostile']",http://backrooms-wiki.wikidot.com/Entity 134
Entity 135,The Bellhopper,+52,"['_non-cc', 'entity', 'entity-18', 'horror', 'mystery', 'romance', 'terror-hotel-canon']",http://backrooms-wiki.wikidot.com/Entity 135
Entity 136,The Coders,+41,"['_cc', 'entity', 'horror', 'hostile', 'humanoid', 'mystery', 'sapient']",http://backrooms-wiki.wikidot.com/Entity 136
Entity 137,The Musician,+16,"['_cc', 'entity']",http://backrooms-wiki.wikidot.com/Entity 137
Entity 138,[NO DATA],,,
Entity 139,The Puppeteer,+6,"['entity', 'in-rewrite', 'wholesome']",http://backrooms-wiki.wikidot.com/Entity 139
Entity 140,Blanche,+209,"['_cc', 'blanche', 'enigmatic-entity', 'entity', 'mystery', 'wholesome', 'wonder']",http://backrooms-wiki.wikidot.com/Entity 140
Entity 141,Ambassadors,+39,"['_cc', '_licensebox', 'entity', 'horror', 'mystery']",http://backrooms-wiki.wikidot.com/Entity 141
Entity 142,Evolution Engine,+9,"['_licensebox', 'animalistic', 'entity', 'neutral']",http://backrooms-wiki.wikidot.com/Entity 142
Entity 143,Snatcher Weeds,+17,"['botanical', 'entity']",http://backrooms-wiki.wikidot.com/Entity 143
Entity 144,Nonbelievers,+12,"['_licensebox', '_metatag', 'entity', 'humanoid', 'mystery', 'sapient', 'tragedy']",http://backrooms-wiki.wikidot.com/Entity 144
Entity 145,[NO DATA],,,
Entity 146,[NO DATA],,,
Entity 147,ùìòùìΩ'ùìº ùìûùì∑ùìµùîÇ ùì™ ùìúùì™ùìΩùìΩùìÆùìª ùì∏ùìØ ùì£ùì≤ùì∂ùìÆ,+23,"['_cc', 'entity', 'mystery']",http://backrooms-wiki.wikidot.com/Entity 147
Entity 148,[NO DATA],,,
Entity 149,Theodore Kingsley,+17,['entity'],http://backrooms-wiki.wikidot.com/Entity 149
Entity 150,‚ÄúThe Stalkers‚Äù,+26,"['_licensebox', 'entity', 'horror', 'hostile', 'humanoid']",http://backrooms-wiki.wikidot.com/Entity 150
Entity 151,[NO DATA],,,
Entity 152,Xeroxes,+12,"['_licensebox', 'entity', 'mystery', 'wonder']",http://backrooms-wiki.wikidot.com/Entity 152
Entity 153,[NO DATA],,,
Entity 154,Ambrosia,+10,"['entity', 'mystery', 'overseer-andrew']",http://backrooms-wiki.wikidot.com/Entity 154
Entity 155,‚ÄúThis Meat is Gummy‚Äù,+52,"['comedy', 'entity']",http://backrooms-wiki.wikidot.com/Entity 155
Entity 156,[NO DATA],,,
Entity 157,The Homerunners,+34,"['_cc', 'entity', 'featured']",http://backrooms-wiki.wikidot.com/Entity 157
Entity 158,[NO DATA],,,
Entity 159,[NO DATA],,,
Entity 160,Showcase presents the super-team supreme: The Backrooms Batallion!,+36,"['comedy', 'entity', 'wonder']",http://backrooms-wiki.wikidot.com/Entity 160
Entity 161,Leeon,+40,"['_cc', 'comedy', 'entity']",http://backrooms-wiki.wikidot.com/Entity 161
Entity 162,[NO DATA],,,
Entity 163,[NO DATA],,,
Entity 164,[NO DATA],,,
Entity 165,Solitude,+73,"['_licensebox', 'entity', 'mincon2021', 'mystery']",http://backrooms-wiki.wikidot.com/Entity 165
Entity 166,[NO DATA],,,
Entity 167,The Party Hosts,+45,"['entity', 'horror', 'in-rewrite', 'mystery', 'partygoers']",http://backrooms-wiki.wikidot.com/Entity 167
Entity 168,[NO DATA],,,
Entity 169,BOING!,+42,"['_non-cc', 'entity', 'thriller', 'wholesome']",http://backrooms-wiki.wikidot.com/Entity 169
Entity 170,Pyrochelicera,+11,"['_non-cc', 'entity', 'horror']",http://backrooms-wiki.wikidot.com/Entity 170
Entity 171,[NO DATA],,,
Entity 172,[NO DATA],,,
Entity 173,Evocationaries,+19,"['entity', 'horror', 'level-11', 'mystery', 'nostalgia']",http://backrooms-wiki.wikidot.com/Entity 173
Entity 174,[NO DATA],,,
Entity 175,Webmaker,+9,"['_licensebox', 'entity']",http://backrooms-wiki.wikidot.com/Entity 175
Entity 176,[NO DATA],,,
Entity 177,[NO DATA],,,
Entity 178,[NO DATA],,,
Entity 179,M,+44,"['_non-cc', 'entity', 'format-screw']",http://backrooms-wiki.wikidot.com/Entity 179
Entity 180,Berry,+81,"['_cc', '_licensebox', 'animalistic', 'berry', 'bittersweet', 'blanche', 'entity', 'sapient']",http://backrooms-wiki.wikidot.com/Entity 180
Entity 181,[NO DATA],,,
Entity 182,Masked Messengers,+20,"['_cc', 'contest-winner', 'entity', 'evangeline-holmes', 'goicon2021', 'masked-maidens', 'unmasked-canon']",http://backrooms-wiki.wikidot.com/Entity 182
Entity 183,Carnies,+18,"['_cc', 'entity', 'horror', 'mystery']",http://backrooms-wiki.wikidot.com/Entity 183
Entity 184,[NO DATA],,,
Entity 185,The Comedian,+59,"['_cc', 'comedy', 'entity', 'entity-18', 'featured', 'terror-hotel-canon']",http://backrooms-wiki.wikidot.com/Entity 185
Entity 186,The Singer,+13,"['_cc', 'entity', 'in-rewrite', 'mystery', 'terror-hotel-canon']",http://backrooms-wiki.wikidot.com/Entity 186
Entity 187,Servants,+29,"['_cc', '_licensebox', 'entity', 'horror']",http://backrooms-wiki.wikidot.com/Entity 187
Entity 188,The Scomparsa,+11,"['_cc', '_licensebox', 'entity', 'horror']",http://backrooms-wiki.wikidot.com/Entity 188
Entity 189,The Macchina,+25,"['_cc', 'entity', 'the-lost']",http://backrooms-wiki.wikidot.com/Entity 189
Entity 190,[NO DATA],,,
Entity 191,The Company,+38,"['_cc', 'entity', 'goicon2021', 'the-reverence']",http://backrooms-wiki.wikidot.com/Entity 191
Entity 192,Swindlebirds,+12,"['_cc', '_licensebox', 'entity']",http://backrooms-wiki.wikidot.com/Entity 192
Entity 193,Cindy,+44,"['_non-cc', 'bittersweet', 'entity', 'friendly', 'humanoid']",http://backrooms-wiki.wikidot.com/Entity 193
Entity 194,The Crystal Sisters,+31,"['_cc', '_licensebox', 'entity', 'tragedy']",http://backrooms-wiki.wikidot.com/Entity 194
Entity 195,Endless/Nameless,+42,"['_non-cc', 'co-authored', 'entity', 'format-screw', 'mystery']",http://backrooms-wiki.wikidot.com/Entity 195
Entity 196,Child of the Walls,+23,"['_cc', 'entity', 'm.e.g.', 'mystery', 'overseer-andrew', 'wonder']",http://backrooms-wiki.wikidot.com/Entity 196
Entity 197,Jazzheads,+22,"['_cc', 'comedy', 'entity', 'entity-18', 'terror-hotel-canon']",http://backrooms-wiki.wikidot.com/Entity 197
Entity 198,The Plush Dino,+58,"['_cc', '_licensebox', 'entity', 'wholesome']",http://backrooms-wiki.wikidot.com/Entity 198
Entity 199,[NO DATA],,,
Entity 200,my friends,+60,"['_cc', '_licensebox', 'entity', 'object-like', 'wholesome']",http://backrooms-wiki.wikidot.com/Entity 200
Entity 201,Blue-Ringed Deerlings,+19,"['_licensebox', 'animalistic', 'entity', 'featured', 'horror', 'm.e.g.', 'neutral']",http://backrooms-wiki.wikidot.com/Entity 201
Entity 202,Bident,+19,"['_cc', '_licensebox', 'action', 'entity', 'u.e.c.']",http://backrooms-wiki.wikidot.com/Entity 202
Entity 203,[NO DATA],,,
Entity 204,Tagalongs,+23,"['_licensebox', 'entity', 'horror', 'humanoid', 'mystery', 'nostalgia']",http://backrooms-wiki.wikidot.com/Entity 204
Entity 205,[NO DATA],,,
Entity 206,[NO DATA],,,
Entity 207,Will o' Waves,+32,"['_cc', '_licensebox', 'entity']",http://backrooms-wiki.wikidot.com/Entity 207
Entity 208,[NO DATA],,,
Entity 209,[NO DATA],,,
Entity 210,Imposters,+48,"['_cc', '_licensebox', 'entity', 'horror', 'mystery']",http://backrooms-wiki.wikidot.com/Entity 210
Entity 211,[NO DATA],,,
Entity 212,WOOOM,+20,"['_cc', 'entity', 'wonder']",http://backrooms-wiki.wikidot.com/Entity 212
Entity 213,[NO DATA],,,
Entity 214,[NO DATA],,,
Entity 215,The Bronze Builders,+20,"['entity', 'simulation-canon']",http://backrooms-wiki.wikidot.com/Entity 215
Entity 216,Petrified Subjects of the First Prince,+27,"['_cc', 'entity', 'mystery']",http://backrooms-wiki.wikidot.com/Entity 216
Entity 217,[NO DATA],,,
Entity 218,[NO DATA],,,
Entity 219,[NO DATA],,,
Entity 220,The Catmaster,+34,"['_cc', '_licensebox', 'co-authored', 'entity', 'the-keymaster', 'the-pantheon', 'wonder']",http://backrooms-wiki.wikidot.com/Entity 220
Entity 221,[NO DATA],,,
Entity 222,Soulsuckers,+30,"['_cc', '_licensebox', 'entity', 'horror', 'spookycon2021']",http://backrooms-wiki.wikidot.com/Entity 222
Entity 223,[NO DATA],,,
Entity 224,[NO DATA],,,
Entity 225,[NO DATA],,,
Entity 226,Lawcrows,+23,"['_cc', '_licensebox', 'entity', 'eyes-of-argos']",http://backrooms-wiki.wikidot.com/Entity 226
Entity 227,Model Fighter Squadron,+20,"['entity', 'the-eternal-repository', 'wholesome']",http://backrooms-wiki.wikidot.com/Entity 227
Entity 228,[NO DATA],,,
Entity 229,[NO DATA],,,
Entity 230,Baggers,+18,"['_cc', 'entity', 'mystery']",http://backrooms-wiki.wikidot.com/Entity 230
Entity 231,Porters,+21,"['_cc', 'entity']",http://backrooms-wiki.wikidot.com/Entity 231
Entity 232,Drowners,+13,"['_cc', '_licensebox', 'entity']",http://backrooms-wiki.wikidot.com/Entity 232
Entity 233,[NO DATA],,,
Entity 234,[NO DATA],,,
Entity 235,[NO DATA],,,
Entity 236,[NO DATA],,,
Entity 237,[NO DATA],,,
Entity 238,[NO DATA],,,
Entity 239,[NO DATA],,,
Entity 240,[NO DATA],,,
Entity 241,[NO DATA],,,
Entity 242,[NO DATA],,,
Entity 243,[NO DATA],,,
Entity 244,[NO DATA],,,
Entity 245,[NO DATA],,,
Entity 246,Overseer Andrew's Corpse + The Heart,+18,"['_licensebox', 'entity', 'overseer-andrew', 'overseer-kat', 'overseer-stretch', 'tragedy', 'wonder']",http://backrooms-wiki.wikidot.com/Entity 246
Entity 247,[NO DATA],,,
Entity 248,[NO DATA],,,
Entity 249,[NO DATA],,,
Entity 250,Wheelfolk,+15,"['_licensebox', 'entity', 'friendly', 'object-like']",http://backrooms-wiki.wikidot.com/Entity 250
Entity 251,[NO DATA],,,
Entity 252,[NO DATA],,,
Entity 253,[NO DATA],,,
Entity 254,[NO DATA],,,
Entity 255,[NO DATA],,,
Entity 256,[NO DATA],,,
Entity 257,The Sun over the Void,+59,"['_cc', 'annual-feature', 'co-authored', 'enigmatic-entity', 'entity', 'featured']",http://backrooms-wiki.wikidot.com/Entity 257
Entity 258,[NO DATA],,,
Entity 259,[NO DATA],,,
Entity 260,[NO DATA],,,
Entity 261,[NO DATA],,,
Entity 262,[NO DATA],,,
Entity 263,[NO DATA],,,
Entity 264,[NO DATA],,,
Entity 265,[NO DATA],,,
Entity 266,[NO DATA],,,
Entity 267,[NO DATA],,,
Entity 268,[NO DATA],,,
Entity 269,[NO DATA],,,
Entity 270,[NO DATA],,,
Entity 271,[NO DATA],,,
Entity 272,[NO DATA],,,
Entity 273,[NO DATA],,,
Entity 274,[NO DATA],,,
Entity 275,[NO DATA],,,
Entity 276,[NO DATA],,,
Entity 277,[NO DATA],,,
Entity 278,[NO DATA],,,
Entity 279,[NO DATA],,,
Entity 280,[NO DATA],,,
Entity 281,[NO DATA],,,
Entity 282,[NO DATA],,,
Entity 283,Volares,+22,"['comedy', 'entity']",http://backrooms-wiki.wikidot.com/Entity 283
Entity 284,[NO DATA],,,
Entity 285,[NO DATA],,,
Entity 286,[NO DATA],,,
Entity 287,[NO DATA],,,
Entity 288,[NO DATA],,,
Entity 289,[NO DATA],,,
Entity 290,[NO DATA],,,
Entity 291,[NO DATA],,,
Entity 292,[NO DATA],,,
Entity 293,[NO DATA],,,
Entity 294,[NO DATA],,,
Entity 295,[NO DATA],,,
Entity 296,[NO DATA],,,
Entity 297,The Dark Sovereign,+44,"['_cc', '_licensebox', 'entity', 'format-screw', 'mystery']",http://backrooms-wiki.wikidot.com/Entity 297
Entity 298,[NO DATA],,,
Entity 299,[NO DATA],,,
Entity 300,Richard,+25,"['_cc', '_licensebox', 'entity']",http://backrooms-wiki.wikidot.com/Entity 300
Entity 301,[NO DATA],,,
Entity 302,[NO DATA],,,
Entity 303,[NO DATA],,,
Entity 304,[NO DATA],,,
Entity 305,[NO DATA],,,
Entity 306,[NO DATA],,,
Entity 307,[NO DATA],,,
Entity 308,[NO DATA],,,
Entity 309,[NO DATA],,,
Entity 310,[NO DATA],,,
Entity 311,[NO DATA],,,
Entity 312,[NO DATA],,,
Entity 313,[NO DATA],,,
Entity 314,[NO DATA],,,
Entity 315,Hearseflies,+19,"['_metatag', 'animalistic', 'bittersweet', 'entity', 'featured', 'friendly', 'm.e.g.']",http://backrooms-wiki.wikidot.com/Entity 315
Entity 316,[NO DATA],,,
Entity 317,[NO DATA],,,
Entity 318,[NO DATA],,,
Entity 319,[NO DATA],,,
Entity 320,[NO DATA],,,
Entity 321,[NO DATA],,,
Entity 322,[NO DATA],,,
Entity 323,[NO DATA],,,
Entity 324,[NO DATA],,,
Entity 325,[NO DATA],,,
Entity 326,Cuddlemares,+26,"['_ai-non-cc', 'entity']",http://backrooms-wiki.wikidot.com/Entity 326
Entity 327,[NO DATA],,,
Entity 328,[NO DATA],,,
Entity 329,[NO DATA],,,
Entity 330,[NO DATA],,,
Entity 331,[NO DATA],,,
Entity 332,Constructors,+30,"['_cc', 'backrooms-remodeling-co', 'comedy', 'entity', 'level-11']",http://backrooms-wiki.wikidot.com/Entity 332
Entity 333,Lorenzo Windsor,+17,"['_licensebox', 'entity', 'friendly', 'humanoid', 'sapient', 'the-pantheon']",http://backrooms-wiki.wikidot.com/Entity 333
Entity 334,[NO DATA],,,
Entity 335,[NO DATA],,,
Entity 336,[NO DATA],,,
Entity 337,[NO DATA],,,
Entity 338,[NO DATA],,,
Entity 339,[NO DATA],,,
Entity 340,[NO DATA],,,
Entity 341,[NO DATA],,,
Entity 342,[NO DATA],,,
Entity 343,[NO DATA],,,
Entity 344,[NO DATA],,,
Entity 345,[NO DATA],,,
Entity 346,The Moon Hare,+20,"['_licensebox', 'entity', 'u.e.c.']",http://backrooms-wiki.wikidot.com/Entity 346
Entity 347,[NO DATA],,,
Entity 348,[NO DATA],,,
Entity 349,[NO DATA],,,
Entity 350,[NO DATA],,,
Entity 351,[NO DATA],,,
Entity 352,[NO DATA],,,
Entity 353,[NO DATA],,,
Entity 354,[NO DATA],,,
Entity 355,[NO DATA],,,
Entity 356,[NO DATA],,,
Entity 357,[NO DATA],,,
Entity 358,[NO DATA],,,
Entity 359,[NO DATA],,,
Entity 360,[NO DATA],,,
Entity 361,[NO DATA],,,
Entity 362,[NO DATA],,,
Entity 363,[NO DATA],,,
Entity 364,[NO DATA],,,
Entity 365,Sightless Seers,+46,"['_cc', '_licensebox', 'animalistic', 'entity', 'horror', 'hostile', 'm.e.g.']",http://backrooms-wiki.wikidot.com/Entity 365
Entity 366,[NO DATA],,,
Entity 367,[NO DATA],,,
Entity 368,[NO DATA],,,
Entity 369,[NO DATA],,,
Entity 370,[NO DATA],,,
Entity 371,[NO DATA],,,
Entity 372,[NO DATA],,,
Entity 373,[NO DATA],,,
Entity 374,[NO DATA],,,
Entity 375,[NO DATA],,,
Entity 376,[NO DATA],,,
Entity 377,[NO DATA],,,
Entity 378,[NO DATA],,,
Entity 379,[NO DATA],,,
Entity 380,Administrative Sentinel Constructs,+21,"['_licensebox', 'entity', 'simulation-canon']",http://backrooms-wiki.wikidot.com/Entity 380
Entity 381,[NO DATA],,,
Entity 382,[NO DATA],,,
Entity 383,[NO DATA],,,
Entity 384,[NO DATA],,,
Entity 385,[NO DATA],,,
Entity 386,[NO DATA],,,
Entity 387,[NO DATA],,,
Entity 388,[NO DATA],,,
Entity 389,[NO DATA],,,
Entity 390,[NO DATA],,,
Entity 391,[NO DATA],,,
Entity 392,[NO DATA],,,
Entity 393,[NO DATA],,,
Entity 394,[NO DATA],,,
Entity 395,[NO DATA],,,
Entity 396,[NO DATA],,,
Entity 397,[NO DATA],,,
Entity 398,The Wild Hunt,+32,"['_licensebox', 'animalistic', 'classicon2023', 'contest-winner', 'entity', 'hostile', 'humanoid', 'sapient']",http://backrooms-wiki.wikidot.com/Entity 398
Entity 399,[NO DATA],,,
Entity 400,Mimic,+43,"['_non-cc', 'entity', 'horror']",http://backrooms-wiki.wikidot.com/Entity 400
Entity 401,[NO DATA],,,
Entity 402,[NO DATA],,,
Entity 403,[NO DATA],,,
Entity 404,The Death of a Star,+28,"['_non-cc', 'entity', 'level-78', 'the-eternal-repository']",http://backrooms-wiki.wikidot.com/Entity 404
Entity 405,[NO DATA],,,
Entity 406,[NO DATA],,,
Entity 407,[NO DATA],,,
Entity 408,[NO DATA],,,
Entity 409,[NO DATA],,,
Entity 410,[NO DATA],,,
Entity 411,[NO DATA],,,
Entity 412,[NO DATA],,,
Entity 413,[NO DATA],,,
Entity 414,[NO DATA],,,
Entity 415,Howlers,+34,"['_cc', 'action', 'entity', 'the-eternal-repository']",http://backrooms-wiki.wikidot.com/Entity 415
Entity 416,[NO DATA],,,
Entity 417,[NO DATA],,,
Entity 418,[NO DATA],,,
Entity 419,[NO DATA],,,
Entity 420,Jack-o'-Burgers,+29,"['_cc', '_licensebox', 'comedy', 'entity', 'spookycon2021', 'wholesome']",http://backrooms-wiki.wikidot.com/Entity 420
Entity 421,[NO DATA],,,
Entity 422,[NO DATA],,,
Entity 423,[NO DATA],,,
Entity 424,[NO DATA],,,
Entity 425,[NO DATA],,,
Entity 426,[NO DATA],,,
Entity 427,[NO DATA],,,
Entity 428,[NO DATA],,,
Entity 429,[NO DATA],,,
Entity 430,[NO DATA],,,
Entity 431,[NO DATA],,,
Entity 432,[NO DATA],,,
Entity 433,[NO DATA],,,
Entity 434,[NO DATA],,,
Entity 435,[NO DATA],,,
Entity 436,[NO DATA],,,
Entity 437,[NO DATA],,,
Entity 438,[NO DATA],,,
Entity 439,[NO DATA],,,
Entity 440,The Historian,+19,['entity'],http://backrooms-wiki.wikidot.com/Entity 440
Entity 441,[NO DATA],,,
Entity 442,[NO DATA],,,
Entity 443,[NO DATA],,,
Entity 444,[NO DATA],,,
Entity 445,[NO DATA],,,
Entity 446,[NO DATA],,,
Entity 447,[NO DATA],,,
Entity 448,[NO DATA],,,
Entity 449,[NO DATA],,,
Entity 450,[NO DATA],,,
Entity 451,[NO DATA],,,
Entity 452,[NO DATA],,,
Entity 453,[NO DATA],,,
Entity 454,[NO DATA],,,
Entity 455,[NO DATA],,,
Entity 456,Frost Boars,+25,"['_cc', '_licensebox', 'entity']",http://backrooms-wiki.wikidot.com/Entity 456
Entity 457,[NO DATA],,,
Entity 458,[NO DATA],,,
Entity 459,[NO DATA],,,
Entity 460,[NO DATA],,,
Entity 461,[NO DATA],,,
Entity 462,[NO DATA],,,
Entity 463,[NO DATA],,,
Entity 464,[NO DATA],,,
Entity 465,[NO DATA],,,
Entity 466,[NO DATA],,,
Entity 467,The Staff,+15,"['_cc', 'co-authored', 'entity']",http://backrooms-wiki.wikidot.com/Entity 467
Entity 468,[NO DATA],,,
Entity 469,[NO DATA],,,
Entity 470,[NO DATA],,,
Entity 471,A Molting Gentleman,+26,"['_cc', '_licensebox', 'entity', 'scrapcon2022']",http://backrooms-wiki.wikidot.com/Entity 471
Entity 472,[NO DATA],,,
Entity 473,[NO DATA],,,
Entity 474,[NO DATA],,,
Entity 475,[NO DATA],,,
Entity 476,[NO DATA],,,
Entity 477,[NO DATA],,,
Entity 478,[NO DATA],,,
Entity 479,[NO DATA],,,
Entity 480,[NO DATA],,,
Entity 481,[NO DATA],,,
Entity 482,[NO DATA],,,
Entity 483,[NO DATA],,,
Entity 484,[NO DATA],,,
Entity 485,[NO DATA],,,
Entity 486,[NO DATA],,,
Entity 487,[NO DATA],,,
Entity 488,[NO DATA],,,
Entity 489,[NO DATA],,,
Entity 490,[NO DATA],,,
Entity 491,[NO DATA],,,
Entity 492,[NO DATA],,,
Entity 493,[NO DATA],,,
Entity 494,[NO DATA],,,
Entity 495,[NO DATA],,,
Entity 496,[NO DATA],,,
Entity 497,[NO DATA],,,
Entity 498,[NO DATA],,,
Entity 499,[NO DATA],,,
entity-500,,+70,"['_cc', 'annual-feature', 'entity', 'featured', 'format-screw', 'm.e.g.', 'mystery', 'thriller', 'tragedy', 'unique']",http://backrooms-wiki.wikidot.com/entity-500
Entity 501,[NO DATA],,,
Entity 502,[NO DATA],,,
Entity 503,Volts,+36,"['_cc', '_licensebox', 'backrooms-robotics', 'entity', 'm.e.g.', 'thriller', 'yellow']",http://backrooms-wiki.wikidot.com/Entity 503
Entity 504,[NO DATA],,,
Entity 505,[NO DATA],,,
Entity 506,[NO DATA],,,
Entity 507,[NO DATA],,,
Entity 508,[NO DATA],,,
Entity 509,[NO DATA],,,
Entity 510,[NO DATA],,,
Entity 511,[NO DATA],,,
Entity 512,[NO DATA],,,
Entity 513,[NO DATA],,,
Entity 514,[NO DATA],,,
Entity 515,[NO DATA],,,
Entity 516,[NO DATA],,,
Entity 517,[NO DATA],,,
Entity 518,[NO DATA],,,
Entity 519,[NO DATA],,,
Entity 520,[NO DATA],,,
Entity 521,[NO DATA],,,
Entity 522,[NO DATA],,,
Entity 523,[NO DATA],,,
Entity 524,[NO DATA],,,
Entity 525,[NO DATA],,,
Entity 526,[NO DATA],,,
Entity 527,[NO DATA],,,
Entity 528,[NO DATA],,,
Entity 529,[NO DATA],,,
Entity 530,[NO DATA],,,
Entity 531,[NO DATA],,,
Entity 532,[NO DATA],,,
Entity 533,[NO DATA],,,
Entity 534,[NO DATA],,,
Entity 535,[NO DATA],,,
Entity 536,[NO DATA],,,
Entity 537,[NO DATA],,,
Entity 538,[NO DATA],,,
Entity 539,[NO DATA],,,
Entity 540,[NO DATA],,,
Entity 541,[NO DATA],,,
Entity 542,[NO DATA],,,
Entity 543,[NO DATA],,,
Entity 544,[NO DATA],,,
Entity 545,[NO DATA],,,
Entity 546,[NO DATA],,,
Entity 547,[NO DATA],,,
Entity 548,[NO DATA],,,
Entity 549,[NO DATA],,,
Entity 550,[NO DATA],,,
Entity 551,[NO DATA],,,
Entity 552,[NO DATA],,,
Entity 553,[NO DATA],,,
Entity 554,[NO DATA],,,
Entity 555,The Lonely Scarecrow,+40,"['_cc', 'entity', 'horror', 'spookycon2021']",http://backrooms-wiki.wikidot.com/Entity 555
Entity 556,[NO DATA],,,
Entity 557,[NO DATA],,,
Entity 558,[NO DATA],,,
Entity 559,[NO DATA],,,
Entity 560,[NO DATA],,,
Entity 561,[NO DATA],,,
Entity 562,[NO DATA],,,
Entity 563,[NO DATA],,,
Entity 564,[NO DATA],,,
Entity 565,[NO DATA],,,
Entity 566,[NO DATA],,,
Entity 567,[NO DATA],,,
Entity 568,[NO DATA],,,
Entity 569,[NO DATA],,,
Entity 570,[NO DATA],,,
Entity 571,[NO DATA],,,
Entity 572,[NO DATA],,,
Entity 573,[NO DATA],,,
Entity 574,[NO DATA],,,
Entity 575,[NO DATA],,,
Entity 576,[NO DATA],,,
Entity 577,[NO DATA],,,
Entity 578,[NO DATA],,,
Entity 579,[NO DATA],,,
Entity 580,[NO DATA],,,
Entity 581,[NO DATA],,,
Entity 582,[NO DATA],,,
Entity 583,[NO DATA],,,
Entity 584,[NO DATA],,,
Entity 585,[NO DATA],,,
Entity 586,[NO DATA],,,
Entity 587,[NO DATA],,,
Entity 588,[NO DATA],,,
Entity 589,[NO DATA],,,
Entity 590,[NO DATA],,,
Entity 591,[NO DATA],,,
Entity 592,[NO DATA],,,
Entity 593,[NO DATA],,,
Entity 594,[NO DATA],,,
Entity 595,[NO DATA],,,
Entity 596,[NO DATA],,,
Entity 597,[NO DATA],,,
Entity 598,[NO DATA],,,
Entity 599,[NO DATA],,,
Entity 600,The Saberzoa,+37,"['_cc', '_licensebox', 'contest-winner', 'entity', 'mystery', 'scrapcon2022', 'wholesome']",http://backrooms-wiki.wikidot.com/Entity 600
Entity 601,[NO DATA],,,
Entity 602,[NO DATA],,,
Entity 603,[NO DATA],,,
Entity 604,[NO DATA],,,
Entity 605,[NO DATA],,,
Entity 606,[NO DATA],,,
Entity 607,[NO DATA],,,
Entity 608,[NO DATA],,,
Entity 609,[NO DATA],,,
Entity 610,[NO DATA],,,
Entity 611,[NO DATA],,,
Entity 612,[NO DATA],,,
Entity 613,[NO DATA],,,
Entity 614,[NO DATA],,,
Entity 615,[NO DATA],,,
Entity 616,[NO DATA],,,
Entity 617,[NO DATA],,,
Entity 618,[NO DATA],,,
Entity 619,[NO DATA],,,
Entity 620,[NO DATA],,,
Entity 621,[NO DATA],,,
Entity 622,[NO DATA],,,
Entity 623,[NO DATA],,,
Entity 624,[NO DATA],,,
Entity 625,[NO DATA],,,
Entity 626,[NO DATA],,,
Entity 627,[NO DATA],,,
Entity 628,[NO DATA],,,
Entity 629,[NO DATA],,,
Entity 630,[NO DATA],,,
Entity 631,[NO DATA],,,
Entity 632,[NO DATA],,,
Entity 633,[NO DATA],,,
Entity 634,[NO DATA],,,
Entity 635,[NO DATA],,,
Entity 636,[NO DATA],,,
Entity 637,[NO DATA],,,
Entity 638,[NO DATA],,,
Entity 639,[NO DATA],,,
Entity 640,[NO DATA],,,
Entity 641,[NO DATA],,,
Entity 642,[NO DATA],,,
Entity 643,[NO DATA],,,
Entity 644,[NO DATA],,,
Entity 645,[NO DATA],,,
Entity 646,[NO DATA],,,
Entity 647,[NO DATA],,,
Entity 648,[NO DATA],,,
Entity 649,[NO DATA],,,
Entity 650,[NO DATA],,,
Entity 651,[NO DATA],,,
Entity 652,[NO DATA],,,
Entity 653,[NO DATA],,,
Entity 654,[NO DATA],,,
Entity 655,[NO DATA],,,
Entity 656,[NO DATA],,,
Entity 657,[NO DATA],,,
Entity 658,[NO DATA],,,
Entity 659,[NO DATA],,,
Entity 660,[NO DATA],,,
Entity 661,[NO DATA],,,
Entity 662,[NO DATA],,,
Entity 663,[NO DATA],,,
Entity 664,[NO DATA],,,
Entity 665,[NO DATA],,,
Entity 666,The HappyFiles Virus,+73,"['entity', 'horror', 'm.e.g.', 'u.e.c.']",http://backrooms-wiki.wikidot.com/Entity 666
Entity 667,[NO DATA],,,
Entity 668,[NO DATA],,,
Entity 669,[NO DATA],,,
Entity 670,[NO DATA],,,
Entity 671,[NO DATA],,,
Entity 672,[NO DATA],,,
Entity 673,[NO DATA],,,
Entity 674,[NO DATA],,,
Entity 675,[NO DATA],,,
Entity 676,[NO DATA],,,
Entity 677,[NO DATA],,,
Entity 678,[NO DATA],,,
Entity 679,[NO DATA],,,
Entity 680,[NO DATA],,,
Entity 681,[NO DATA],,,
Entity 682,[NO DATA],,,
Entity 683,[NO DATA],,,
Entity 684,[NO DATA],,,
Entity 685,[NO DATA],,,
Entity 686,[NO DATA],,,
Entity 687,[NO DATA],,,
Entity 688,[NO DATA],,,
Entity 689,[NO DATA],,,
Entity 690,[NO DATA],,,
Entity 691,[NO DATA],,,
Entity 692,[NO DATA],,,
Entity 693,[NO DATA],,,
Entity 694,[NO DATA],,,
Entity 695,[NO DATA],,,
Entity 696,[NO DATA],,,
Entity 697,[NO DATA],,,
Entity 698,[NO DATA],,,
Entity 699,Greinophones,+6,"['classicon2023', 'entity', 'in-rewrite', 'object-like']",http://backrooms-wiki.wikidot.com/Entity 699
Entity 700,Solaris,+20,"['_experiment', '_licensebox', 'entity', 'level-78', 'the-lost', 'the-pantheon']",http://backrooms-wiki.wikidot.com/Entity 700
Entity 701,[NO DATA],,,
Entity 702,[NO DATA],,,
Entity 703,[NO DATA],,,
Entity 704,[NO DATA],,,
Entity 705,[NO DATA],,,
Entity 706,[NO DATA],,,
Entity 707,[NO DATA],,,
Entity 708,[NO DATA],,,
Entity 709,The Behemoth‚Ä¶ ?,+22,"['_cc', '_licensebox', 'entity']",http://backrooms-wiki.wikidot.com/Entity 709
Entity 710,[NO DATA],,,
Entity 711,[NO DATA],,,
Entity 712,[NO DATA],,,
Entity 713,[NO DATA],,,
Entity 714,[NO DATA],,,
Entity 715,[NO DATA],,,
Entity 716,[NO DATA],,,
Entity 717,[NO DATA],,,
Entity 718,[NO DATA],,,
Entity 719,[NO DATA],,,
Entity 720,Tiny,+55,"['_cc', '_licensebox', 'entity']",http://backrooms-wiki.wikidot.com/Entity 720
Entity 721,[NO DATA],,,
Entity 722,[NO DATA],,,
Entity 723,[NO DATA],,,
Entity 724,[NO DATA],,,
Entity 725,[NO DATA],,,
Entity 726,[NO DATA],,,
Entity 727,[NO DATA],,,
Entity 728,[NO DATA],,,
Entity 729,[NO DATA],,,
Entity 730,[NO DATA],,,
Entity 731,[NO DATA],,,
Entity 732,[NO DATA],,,
Entity 733,[NO DATA],,,
Entity 734,[NO DATA],,,
Entity 735,[NO DATA],,,
Entity 736,[NO DATA],,,
Entity 737,[NO DATA],,,
Entity 738,[NO DATA],,,
Entity 739,[NO DATA],,,
Entity 740,Justice,+25,"['_cc', '_licensebox', 'action', 'b.n.t.g.', 'entity', 'eyes-of-argos', 'mystery']",http://backrooms-wiki.wikidot.com/Entity 740
Entity 741,[NO DATA],,,
Entity 742,[NO DATA],,,
Entity 743,[NO DATA],,,
Entity 744,[NO DATA],,,
Entity 745,[NO DATA],,,
Entity 746,[NO DATA],,,
Entity 747,[NO DATA],,,
Entity 748,[NO DATA],,,
Entity 749,[NO DATA],,,
Entity 750,[NO DATA],,,
Entity 751,[NO DATA],,,
Entity 752,[NO DATA],,,
Entity 753,[NO DATA],,,
Entity 754,[NO DATA],,,
Entity 755,[NO DATA],,,
Entity 756,[NO DATA],,,
Entity 757,[NO DATA],,,
Entity 758,[NO DATA],,,
Entity 759,[NO DATA],,,
Entity 760,[NO DATA],,,
Entity 761,[NO DATA],,,
Entity 762,[NO DATA],,,
Entity 763,[NO DATA],,,
Entity 764,[NO DATA],,,
Entity 765,[NO DATA],,,
Entity 766,[NO DATA],,,
Entity 767,[NO DATA],,,
Entity 768,[NO DATA],,,
Entity 769,[NO DATA],,,
Entity 770,[NO DATA],,,
Entity 771,[NO DATA],,,
Entity 772,[NO DATA],,,
Entity 773,[NO DATA],,,
Entity 774,[NO DATA],,,
Entity 775,[NO DATA],,,
Entity 776,Junkhunks,+22,"['entity', 'mystery']",http://backrooms-wiki.wikidot.com/Entity 776
Entity 777,Necromobile,+30,"['_cc', '_licensebox', 'entity']",http://backrooms-wiki.wikidot.com/Entity 777
Entity 778,[NO DATA],,,
Entity 779,[NO DATA],,,
Entity 780,[NO DATA],,,
Entity 781,[NO DATA],,,
Entity 782,[NO DATA],,,
Entity 783,[NO DATA],,,
Entity 784,[NO DATA],,,
Entity 785,[NO DATA],,,
Entity 786,[NO DATA],,,
Entity 787,[NO DATA],,,
Entity 788,[NO DATA],,,
Entity 789,[NO DATA],,,
Entity 790,[NO DATA],,,
Entity 791,[NO DATA],,,
Entity 792,[NO DATA],,,
Entity 793,[NO DATA],,,
Entity 794,[NO DATA],,,
Entity 795,[NO DATA],,,
Entity 796,[NO DATA],,,
Entity 797,[NO DATA],,,
Entity 798,[NO DATA],,,
Entity 799,[NO DATA],,,
Entity 800,Chef,+34,"['canonicon2024', 'entity', 'horror', 'terror-hotel-canon', 'unique']",http://backrooms-wiki.wikidot.com/Entity 800
Entity 801,[NO DATA],,,
Entity 802,[NO DATA],,,
Entity 803,[NO DATA],,,
Entity 804,[NO DATA],,,
Entity 805,[NO DATA],,,
Entity 806,[NO DATA],,,
Entity 807,[NO DATA],,,
Entity 808,[NO DATA],,,
Entity 809,[NO DATA],,,
Entity 810,[NO DATA],,,
Entity 811,[NO DATA],,,
Entity 812,[NO DATA],,,
Entity 813,[NO DATA],,,
Entity 814,[NO DATA],,,
Entity 815,[NO DATA],,,
Entity 816,[NO DATA],,,
Entity 817,[NO DATA],,,
Entity 818,[NO DATA],,,
Entity 819,[NO DATA],,,
Entity 820,[NO DATA],,,
Entity 821,[NO DATA],,,
Entity 822,[NO DATA],,,
Entity 823,[NO DATA],,,
Entity 824,[NO DATA],,,
Entity 825,[NO DATA],,,
Entity 826,[NO DATA],,,
Entity 827,[NO DATA],,,
Entity 828,[NO DATA],,,
Entity 829,[NO DATA],,,
Entity 830,[NO DATA],,,
Entity 831,[NO DATA],,,
Entity 832,[NO DATA],,,
Entity 833,[NO DATA],,,
Entity 834,[NO DATA],,,
Entity 835,[NO DATA],,,
Entity 836,[NO DATA],,,
Entity 837,[NO DATA],,,
Entity 838,[NO DATA],,,
Entity 839,[NO DATA],,,
Entity 840,[NO DATA],,,
Entity 841,[NO DATA],,,
Entity 842,[NO DATA],,,
Entity 843,[NO DATA],,,
Entity 844,[NO DATA],,,
Entity 845,[NO DATA],,,
Entity 846,[NO DATA],,,
Entity 847,[NO DATA],,,
Entity 848,[NO DATA],,,
Entity 849,[NO DATA],,,
Entity 850,[NO DATA],,,
Entity 851,[NO DATA],,,
Entity 852,[NO DATA],,,
Entity 853,[NO DATA],,,
Entity 854,[NO DATA],,,
Entity 855,[NO DATA],,,
Entity 856,[NO DATA],,,
Entity 857,[NO DATA],,,
Entity 858,[NO DATA],,,
Entity 859,[NO DATA],,,
Entity 860,[NO DATA],,,
Entity 861,[NO DATA],,,
Entity 862,[NO DATA],,,
Entity 863,[NO DATA],,,
Entity 864,[NO DATA],,,
Entity 865,[NO DATA],,,
Entity 866,[NO DATA],,,
Entity 867,[NO DATA],,,
Entity 868,[NO DATA],,,
Entity 869,[NO DATA],,,
Entity 870,[NO DATA],,,
Entity 871,[NO DATA],,,
Entity 872,[NO DATA],,,
Entity 873,[NO DATA],,,
Entity 874,[NO DATA],,,
Entity 875,[NO DATA],,,
Entity 876,[NO DATA],,,
Entity 877,[NO DATA],,,
Entity 878,[NO DATA],,,
Entity 879,[NO DATA],,,
Entity 880,[NO DATA],,,
Entity 881,[NO DATA],,,
Entity 882,[NO DATA],,,
Entity 883,[NO DATA],,,
Entity 884,[NO DATA],,,
Entity 885,[NO DATA],,,
Entity 886,[NO DATA],,,
Entity 887,[NO DATA],,,
Entity 888,Uneasy Rider,+17,"['_cc', '_licensebox', 'entity']",http://backrooms-wiki.wikidot.com/Entity 888
Entity 889,[NO DATA],,,
Entity 890,[NO DATA],,,
Entity 891,[NO DATA],,,
Entity 892,[NO DATA],,,
Entity 893,[NO DATA],,,
Entity 894,[NO DATA],,,
Entity 895,[NO DATA],,,
Entity 896,[NO DATA],,,
Entity 897,[NO DATA],,,
Entity 898,[NO DATA],,,
Entity 899,[NO DATA],,,
Entity 900,What hides in Level 9,+35,"['_cc', 'entity', 'level-9', 'spookycon2021']",http://backrooms-wiki.wikidot.com/Entity 900
Entity 901,[NO DATA],,,
Entity 902,[NO DATA],,,
Entity 903,[NO DATA],,,
Entity 904,[NO DATA],,,
Entity 905,[NO DATA],,,
Entity 906,[NO DATA],,,
Entity 907,[NO DATA],,,
Entity 908,[NO DATA],,,
Entity 909,[NO DATA],,,
Entity 910,[NO DATA],,,
Entity 911,[NO DATA],,,
Entity 912,[NO DATA],,,
Entity 913,[NO DATA],,,
Entity 914,[NO DATA],,,
Entity 915,[NO DATA],,,
Entity 916,[NO DATA],,,
Entity 917,[NO DATA],,,
Entity 918,[NO DATA],,,
Entity 919,[NO DATA],,,
Entity 920,[NO DATA],,,
Entity 921,[NO DATA],,,
Entity 922,[NO DATA],,,
Entity 923,[NO DATA],,,
Entity 924,[NO DATA],,,
Entity 925,[NO DATA],,,
Entity 926,[NO DATA],,,
Entity 927,[NO DATA],,,
Entity 928,[NO DATA],,,
Entity 929,[NO DATA],,,
Entity 930,[NO DATA],,,
Entity 931,[NO DATA],,,
Entity 932,[NO DATA],,,
Entity 933,[NO DATA],,,
Entity 934,[NO DATA],,,
Entity 935,[NO DATA],,,
Entity 936,[NO DATA],,,
Entity 937,[NO DATA],,,
Entity 938,[NO DATA],,,
Entity 939,[NO DATA],,,
Entity 940,[NO DATA],,,
Entity 941,[NO DATA],,,
Entity 942,[NO DATA],,,
Entity 943,[NO DATA],,,
Entity 944,[NO DATA],,,
Entity 945,[NO DATA],,,
Entity 946,[NO DATA],,,
Entity 947,[NO DATA],,,
Entity 948,[NO DATA],,,
Entity 949,[NO DATA],,,
Entity 950,[NO DATA],,,
Entity 951,[NO DATA],,,
Entity 952,[NO DATA],,,
Entity 953,[NO DATA],,,
Entity 954,[NO DATA],,,
Entity 955,[NO DATA],,,
Entity 956,[NO DATA],,,
Entity 957,[NO DATA],,,
Entity 958,[NO DATA],,,
Entity 959,[NO DATA],,,
Entity 960,[NO DATA],,,
Entity 961,[NO DATA],,,
Entity 962,[NO DATA],,,
Entity 963,[NO DATA],,,
Entity 964,[NO DATA],,,
Entity 965,[NO DATA],,,
Entity 966,[NO DATA],,,
Entity 967,[NO DATA],,,
Entity 968,[NO DATA],,,
Entity 969,[NO DATA],,,
Entity 970,[NO DATA],,,
Entity 971,[NO DATA],,,
Entity 972,[NO DATA],,,
Entity 973,[NO DATA],,,
Entity 974,[NO DATA],,,
Entity 975,[NO DATA],,,
Entity 976,[NO DATA],,,
Entity 977,[NO DATA],,,
Entity 978,[NO DATA],,,
Entity 979,[NO DATA],,,
Entity 980,[NO DATA],,,
Entity 981,[NO DATA],,,
Entity 982,[NO DATA],,,
Entity 983,[NO DATA],,,
Entity 984,[NO DATA],,,
Entity 985,[NO DATA],,,
Entity 986,[NO DATA],,,
Entity 987,The God on Level 532,+43,"['_cc', '_licensebox', 'entity', 'mystery', 'the-lost', 'u.e.c.']",http://backrooms-wiki.wikidot.com/Entity 987
Entity 988,[NO DATA],,,
Entity 989,[NO DATA],,,
Entity 990,[NO DATA],,,
Entity 991,[NO DATA],,,
Entity 992,[NO DATA],,,
Entity 993,[NO DATA],,,
Entity 994,[NO DATA],,,
Entity 995,[NO DATA],,,
Entity 996,[NO DATA],,,
Entity 997,[NO DATA],,,
Entity 998,[NO DATA],,,
Entity 999,Consciousness Disease,+48,"['_cc', '_licensebox', 'entity', 'horror', 'nostalgia', 'pathogenic']",http://backrooms-wiki.wikidot.com/Entity 999
